Book Id,Title,Author,Author l-f,Additional Authors,ISBN,ISBN13,My Rating,Average Rating,Publisher,Binding,Number of Pages,Year Published,Original Publication Year,Date Read,Date Added,Bookshelves,Bookshelves with positions,Exclusive Shelf,My Review,Spoiler,Private Notes,Read Count,Recommended For,Recommended By,Owned Copies,Original Purchase Date,Original Purchase Location,Condition,Condition Description,BCID
1845,Into the Wild,Jon Krakauer,"Krakauer, Jon",,0385486804,9780385486804,4,3.99,Anchor Books,Paperback,207,1997,1996,,5/21/2021,,,read,,,,1,,,0,,,,,
77767,"Little House on the Prairie (Little House, #3)",Laura Ingalls Wilder,"Wilder, Laura Ingalls",Garth Williams,,,5,4.19,HarperTrophy,Paperback,335,1994,1935,,5/21/2021,,,read,,,,1,,,0,,,,,
252577,"Angela's Ashes (Frank McCourt, #1)",Frank McCourt,"McCourt, Frank",,0007205236,9780007205233,5,4.12,Harper Perennial,Paperback,452,2005,1996,,5/21/2021,,,read,,,,1,,,0,,,,,
140225,"The Voyage of the Dawn Treader (Chronicles of Narnia, #3)",C.S. Lewis,"Lewis, C.S.",Pauline Baynes,006112527X,9780061125270,3,4.08,HarperCollins,Hardcover,248,2006,1952,,5/21/2021,,,read,,,,1,,,0,,,,,
100915,"The Lion, the Witch and the Wardrobe (Chronicles of Narnia, #1)",C.S. Lewis,"Lewis, C.S.",,,,5,4.22,HarperCollins Publishers,Paperback,206,2005,1950,,5/21/2021,,,read,,,,1,,,0,,,,,
157993,The Little Prince,Antoine de Saint-Exupéry,"Saint-Exupéry, Antoine de","Ivan Minatti, Richard Howard, Nguyễn Thành Vũ",,,4,4.31,"Harcourt, Inc.",Paperback,93,2000,1943,,5/21/2021,,,read,,,,1,,,0,,,,,
40961427,1984,George Orwell,"Orwell, George",,,,4,4.19,Houghton Mifflin Harcourt,Kindle Edition,298,2013,1949,,5/21/2021,,,read,,,,1,,,0,,,,,
2657,To Kill a Mockingbird,Harper Lee,"Lee, Harper",,,,3,4.28,Harper Perennial Modern Classics ,Paperback,324,2006,1960,,5/21/2021,,,read,,,,1,,,0,,,,,
4671,The Great Gatsby,F. Scott Fitzgerald,"Fitzgerald, F. Scott",Francis Scott Fitzgerald,,,5,3.93,Scribner,Paperback,200,2004,1925,,5/21/2021,,,read,,,,1,,,0,,,,,
378,The Phantom Tollbooth,Norton Juster,"Juster, Norton",Jules Feiffer,0394820371,9780394820378,4,4.16,Random House Bullseye Books,Paperback,248,1996,1961,,5/21/2021,,,read,,,,1,,,0,,,,,
7624,Lord of the Flies,William Golding,"Golding, William",,0140283331,9780140283334,4,3.69,Penguin Books ,Paperback,182,1999,1954,,5/21/2021,,,read,,,,1,,,0,,,,,
38709,"Holes (Holes, #1)",Louis Sachar,"Sachar, Louis",,0439244196,9780439244190,4,3.98,Scholastic,Paperback,233,2000,1998,,5/21/2021,,,read,,,,1,,,0,,,,,
57946327,The Last Thing He Told Me,Laura Dave,"Dave, Laura",,1501171348,9781501171345,5,4.13,Simon & Schuster,Hardcover,320,2021,2021,5/21/2021,5/10/2021,,,read,,,,1,,,0,,,,,
54717138,The Nature of Witches,Rachel  Griffin,"Griffin, Rachel",,1728229421,9781728229423,0,4.09,Sourcebooks Fire,Hardcover,362,2021,2021,,5/17/2021,to-read,to-read (#57),to-read,,,,0,,,0,,,,,
28490942,"Wild Irish Witch (Mystic Cove, #6)",Tricia O'Malley,"O'Malley, Tricia",,,,3,4.52,,Kindle Edition,316,2016,2016,5/17/2021,4/29/2021,,,read,,,,1,,,0,,,,,
55004056,The Marvelous Mirza Girls,Sheba Karim,"Karim, Sheba",,0062845489,9780062845481,0,3.7,Quill Tree Books,Hardcover,400,2021,2021,,5/16/2021,to-read,to-read (#56),to-read,,,,0,,,0,,,,,
54860605,"Tokyo Ever After (Tokyo Ever After, #1)",Emiko Jean,"Jean, Emiko",,,,0,4.22,Flatiron Books,Hardcover,336,2021,2021,,5/16/2021,to-read,to-read (#55),to-read,,,,0,,,0,,,,,
12232938,The Lovely Bones,Alice Sebold,"Sebold, Alice",,0316166685,9780316166683,5,3.82,"Little, Brown and Company",Mass Market Paperback,372,2006,2002,,5/16/2021,,,read,,,,1,,,0,,,,,
9758764,Then Came You,Jennifer Weiner,"Weiner, Jennifer",,1451617720,9781451617726,3,3.71,Atria Books,Hardcover,352,2011,2010,,10/7/2014,,,read,,,,1,,,0,,,,,
14758,In Her Shoes,Jennifer Weiner,"Weiner, Jennifer",,0743495667,9780743495660,5,3.8,Pocket Books,Paperback,537,2005,2002,,5/16/2021,,,read,,,,1,,,0,,,,,
474634,The Wedding Girl,Madeleine Wickham,"Wickham, Madeleine",,0552772275,9780552772273,3,3.5,Black Swan,Paperback,320,2004,1999,,5/16/2021,,,read,,,,1,,,0,,,,,
25809756,"Shopaholic to the Rescue (Shopaholic, #8)",Sophie Kinsella,"Kinsella, Sophie",,0812998251,9780812998252,3,3.61,The Dial Press,ebook,368,2015,2015,,5/16/2021,,,read,,,,1,,,0,,,,,
21064599,"Shopaholic to the Stars (Shopaholic, #7)",Sophie Kinsella,"Kinsella, Sophie",,0812993861,9780812993868,3,3.34,The Dial Press,Hardcover,479,2014,2014,,5/16/2021,,,read,,,,1,,,0,,,,,
9420,"Shopaholic & Baby (Shopaholic, #5)",Sophie Kinsella,"Kinsella, Sophie",,0385338708,9780385338707,5,3.8,Dial Press,Hardcover,359,2007,2007,,5/16/2021,,,read,,,,1,,,0,,,,,
9417,"Shopaholic and Sister (Shopaholic, #4)",Sophie Kinsella,"Kinsella, Sophie",,044024191X,9780440241911,4,3.67,Dell Publishing Company,Paperback,388,2006,2004,,5/16/2021,,,read,,,,1,,,0,,,,,
9419,"Shopaholic Ties the Knot (Shopaholic, #3)",Sophie Kinsella,"Kinsella, Sophie",,0440241898,9780440241898,5,3.78,Dell Publishing Company,Paperback,407,2004,2002,,5/16/2021,,,read,,,,1,,,0,,,,,
9461872,"Sisterhood Everlasting (Sisterhood, #5)",Ann Brashares,"Brashares, Ann",,0385521227,9780385521222,4,3.91,Random House,Hardcover,349,2011,2011,,5/16/2021,,,read,,,,1,,,0,,,,,
5453,"Forever in Blue: The Fourth Summer of the Sisterhood (Sisterhood, #4)",Ann Brashares,"Brashares, Ann",,0385729367,9780385729369,5,3.81,Delacorte Books,Hardcover,384,2007,2007,,5/16/2021,,,read,,,,1,,,0,,,,,
5452,"Girls in Pants: The Third Summer of the Sisterhood (Sisterhood, #3)",Ann Brashares,"Brashares, Ann",,0553375938,9780553375930,5,3.82,Ember,Paperback,338,2006,2005,,5/16/2021,,,read,,,,1,,,0,,,,,
5456,"The Second Summer of the Sisterhood (Sisterhood of the Traveling Pants, #2)",Ann Brashares,"Brashares, Ann",,0553495011,9780553495010,5,3.79,Dell Books for Young Readers,Mass Market Paperback,448,2006,2003,,5/16/2021,,,read,,,,1,,,0,,,,,
53138025,"Namesake (Fable, #2)",Adrienne Young,"Young, Adrienne",,1250254396,9781250254399,5,4.2,Wednesday Books,Hardcover,360,2021,2021,5/15/2021,12/18/2020,,,read,,,,1,,,0,,,,,
56269227,The Last Legacy,Adrienne Young,"Young, Adrienne",,1250823722,9781250823724,0,4.43,Wednesday Books,Hardcover,336,2021,2021,,5/14/2021,to-read,to-read (#54),to-read,,,,0,,,0,,,,,
44575063,The Light in Hidden Places,Sharon Cameron,"Cameron, Sharon",,,,0,4.55,Scholastic Press,Hardcover,400,2020,2020,,5/13/2021,currently-reading,currently-reading (#2),currently-reading,,,,1,,,0,,,,,
55421402,The Disappearing Act,Catherine Steadman,"Steadman, Catherine",,0593158032,9780593158036,0,3.88,Ballantine Books,Hardcover,320,2021,2021,,5/13/2021,to-read,to-read (#53),to-read,,,,0,,,0,,,,,
17616210,This Is the Story of a Happy Marriage,Ann Patchett,"Patchett, Ann",,,,3,4,Harper,Kindle Edition,320,2013,2011,5/12/2021,4/28/2021,,,read,,,,1,,,0,,,,,
55927518,Shiver,Allie Reynolds,"Reynolds, Allie",,,,5,3.87,G. P. Putnam’s Sons,Kindle Edition,400,2021,2020,5/12/2021,5/9/2021,,,read,,,,1,,,0,,,,,
55338924,Impostor Syndrome,Kathy Wang,"Wang, Kathy",,006285528X,9780062855282,0,3.5,Custom House,Hardcover,368,2021,2021,,5/10/2021,to-read,to-read (#52),to-read,,,,0,,,0,,,,,
55404546,Malibu Rising,Taylor Jenkins Reid,"Reid, Taylor Jenkins",,1524798657,9781524798659,0,4.29,Ballantine Books,Hardcover,384,2021,2021,,5/10/2021,to-read,to-read (#51),to-read,,,,0,,,0,,,,,
56276432,The Hunting Wives,May Cobb,"Cobb, May",,,,0,3.73,,Kindle Edition,362,2021,2021,,5/10/2021,to-read,to-read (#50),to-read,,,,0,,,0,,,,,
54976986,Great Circle,Maggie Shipstead,"Shipstead, Maggie",,0525656979,9780525656975,0,4.25,Knopf Publishing Group,Hardcover,608,2021,2021,,5/9/2021,to-read,to-read (#49),to-read,,,,0,,,0,,,,,
15781,Sideways,Rex Pickett,"Pickett, Rex",,0312342519,9780312342517,5,3.7,St. Martin's Griffin,Paperback,368,2004,2004,,5/9/2021,,,read,,,,1,,,0,,,,,
7937462,"The Short Second Life of Bree Tanner (Twilight, #3.5)",Stephenie Meyer,"Meyer, Stephenie",,031612558X,9780316125581,4,3.51,"Little, Brown and Company",Hardcover,178,2010,2009,,5/9/2021,,,read,,,,1,,,0,,,,,
1162543,"Breaking Dawn (The Twilight Saga, #4)",Stephenie Meyer,"Meyer, Stephenie",,031606792X,9780316067928,4,3.71,"Little, Brown and Company",Hardcover,756,2008,2008,,5/9/2021,,,read,,,,1,,,0,,,,,
428263,"Eclipse (The Twilight Saga, #3)",Stephenie Meyer,"Meyer, Stephenie",,0316160202,9780316160209,4,3.7,"Little, Brown and Company",Hardcover,629,2007,2007,,5/9/2021,,,read,,,,1,,,0,,,,,
49041,"New Moon (Twilight, #2)",Stephenie Meyer,"Meyer, Stephenie",,,,4,3.55,"Little, Brown and Company",Hardcover,563,2006,2006,,5/9/2021,,,read,,,,1,,,0,,,,,
41865,"Twilight (Twilight, #1)",Stephenie Meyer,"Meyer, Stephenie",,0316015849,9780316015844,5,3.61,"Little, Brown and Company",Paperback,501,2006,2005,,5/9/2021,,,read,,,,1,,,0,,,,,
29056083,"Harry Potter and the Cursed Child: Parts One and Two (Harry Potter, #8)",John Tiffany,"Tiffany, John","Jack Thorne, J.K. Rowling",0751565350,9780751565355,5,3.58,"Little, Brown",Hardcover,343,2016,2016,,5/9/2021,,,read,,,,1,,,0,,,,,
7260188,"Mockingjay (The Hunger Games, #3)",Suzanne Collins,"Collins, Suzanne",,0439023513,9780439023511,4,4.05,Scholastic Press,Hardcover,398,2010,2010,,5/9/2021,,,read,,,,1,,,0,,,,,
2767052,"The Hunger Games (The Hunger Games, #1)",Suzanne Collins,"Collins, Suzanne",,0439023483,9780439023481,5,4.32,Scholastic Press,Hardcover,374,2008,2008,,5/9/2021,,,read,,,,1,,,0,,,,,
6148028,"Catching Fire (The Hunger Games, #2)",Suzanne Collins,"Collins, Suzanne",,0439023491,9780439023498,4,4.29,Scholastic Press,Hardcover,391,2009,2009,,5/9/2021,,,read,,,,1,,,0,,,,,
136251,"Harry Potter and the Deathly Hallows (Harry Potter, #7)",J.K. Rowling,"Rowling, J.K.",,,,5,4.62,Arthur A. Levine Books,Hardcover,759,2007,2007,,5/9/2021,,,read,,,,1,,,0,,,,,
1,"Harry Potter and the Half-Blood Prince (Harry Potter, #6)",J.K. Rowling,"Rowling, J.K.",,,,5,4.57,Scholastic Inc.,Paperback,652,2006,2005,,5/9/2021,,,read,,,,1,,,0,,,,,
2,"Harry Potter and the Order of the Phoenix (Harry Potter, #5)",J.K. Rowling,"Rowling, J.K.",Mary GrandPré,,,5,4.5,Scholastic Inc.,Paperback,870,2004,2003,,5/9/2021,,,read,,,,1,,,0,,,,,
6,"Harry Potter and the Goblet of Fire (Harry Potter, #4)",J.K. Rowling,"Rowling, J.K.",Mary GrandPré,,,5,4.56,Scholastic,Paperback,734,2002,2000,,5/9/2021,,,read,,,,1,,,0,,,,,
5,"Harry Potter and the Prisoner of Azkaban (Harry Potter, #3)",J.K. Rowling,"Rowling, J.K.",Mary GrandPré,043965548X,9780439655484,5,4.57,Scholastic Inc.,Mass Market Paperback,435,2004,1999,,5/9/2021,,,read,,,,1,,,0,,,,,
15881,"Harry Potter and the Chamber of Secrets (Harry Potter, #2)",J.K. Rowling,"Rowling, J.K.",Mary GrandPré,0439064864,9780439064866,5,4.43,Arthur A. Levine Books,Hardcover,341,1999,1998,,5/9/2021,,,read,,,,1,,,0,,,,,
3,"Harry Potter and the Sorcerer's Stone (Harry Potter, #1)",J.K. Rowling,"Rowling, J.K.",,,,5,4.48,Scholastic Inc,Hardcover,309,2003,1997,,5/9/2021,,,read,,,,1,,,0,,,,,
31933069,"Winter in Paradise (Paradise, #1)",Elin Hilderbrand,"Hilderbrand, Elin",,0316435503,9780316435505,5,4.07,"Little, Brown and Company",ebook,320,2018,2018,,1/20/2021,,,read,,,,1,,,0,,,,,
32498122,The Identicals,Elin Hilderbrand,"Hilderbrand, Elin",,031655247X,9780316552479,5,3.89,"Little, Brown and Company",Hardcover,581,2017,2017,,1/20/2021,,,read,,,,1,,,0,,,,,
34840184,The Perfect Couple,Elin Hilderbrand,"Hilderbrand, Elin",,,9780316375245,5,3.95,"Little, Brown and Company",ebook,480,2018,2018,,1/20/2021,,,read,,,,1,,,0,,,,,
35143909,Sword Song (The Isle of Destiny #2),Tricia O'Malley,"O'Malley, Tricia",,,,4,4.38,Lovewrite Publishing,Kindle Edition,253,2017,2017,10/24/2020,10/10/2020,,,read,,,,1,,,0,,,,,
36329450,Spear Song (The Isle of Destiny #3),Tricia O'Malley,"O'Malley, Tricia",,,,4,4.47,,Kindle Edition,216,2017,2017,10/27/2020,10/18/2020,,,read,,,,1,,,0,,,,,
39081020,Sphere Song (The Isle of Destiny #4),Tricia O'Malley,"O'Malley, Tricia",,,,4,4.58,,Kindle Edition,306,2018,2018,11/18/2020,10/18/2020,,,read,,,,1,,,0,,,,,
37584991,"The Proposal (The Wedding Date, #2)",Jasmine Guillory,"Guillory, Jasmine",,0399587683,9780399587689,4,3.47,Berkley Books,Paperback,325,2018,2018,2/22/2020,2/4/2020,,,read,,,,1,,,0,,,,,
34565022,Braving the Wilderness: The Quest for True Belonging and the Courage to Stand Alone,Brené Brown,"Brown, Brené",,0812995848,9780812995848,4,4.13,Random House,Hardcover,208,2017,2017,2/22/2020,2/4/2020,,,read,,,,1,,,0,,,,,
40597810,Daisy Jones & The Six,Taylor Jenkins Reid,"Reid, Taylor Jenkins",,1524798622,9781524798628,4,4.2,Ballantine Books,Hardcover,355,2019,2019,,2/4/2020,,,read,,,,1,,,0,,,,,
836984,Distant Shores,Kristin Hannah,"Hannah, Kristin",,0345450728,9780345450722,5,3.71,Ballantine Books,Mass Market Paperback,416,2003,2002,,2/26/2017,,,read,,,,1,,,0,,,,,
24819476,"Winter Stroll (Winter, #2)",Elin Hilderbrand,"Hilderbrand, Elin",,0316261130,9780316261135,4,3.81,"Little, Brown and Company",Hardcover,263,2015,2015,,2/26/2017,,,read,,,,1,,,0,,,,,
415378,The Love Season,Elin Hilderbrand,"Hilderbrand, Elin",,0312322305,9780312322304,5,3.64,St. Martin's Press,Hardcover,304,2006,2006,,2/26/2017,,,read,,,,1,,,0,,,,,
217432,Between Sisters,Kristin Hannah,"Hannah, Kristin",,0345450744,9780345450746,5,4.02,Ballantine Books,Paperback,428,2004,2003,,2/26/2017,,,read,,,,1,,,0,,,,,
276342,Angel Falls,Kristin Hannah,"Hannah, Kristin",,0345484274,9780345484277,5,3.89,Ballantine Books,Paperback,400,2005,2000,,2/26/2017,,,read,,,,1,,,0,,,,,
28962891,"Winter Storms (Winter, #3)",Elin Hilderbrand,"Hilderbrand, Elin",,0316261173,9780316261173,4,3.88,"Little, Brown and Company",Hardcover,246,2016,2016,,1/17/2018,,,read,,,,1,,,0,,,,,
2258956,"A Rather Curious Engagement (Penny Nichols, #2)",C.A. Belmond,"Belmond, C.A.",,0451224051,9780451224057,5,3.81,Berkley Books,Paperback,363,2008,2008,,2/18/2018,,,read,,,,1,,,0,,,,,
248889,"A Rather Lovely Inheritance (Penny Nichols, #1)",C.A. Belmond,"Belmond, C.A.",,0451220528,9780451220523,5,3.67,Berkley Books,Paperback,376,2007,2007,,2/18/2018,,,read,,,,1,,,0,,,,,
6606453,"A Rather Charming Invitation (Penny Nichols, #3)",C.A. Belmond,"Belmond, C.A.",,0451229088,9780451229083,5,3.97,Berkley Books,Paperback,433,2010,2010,,2/18/2018,,,read,,,,1,,,0,,,,,
10723355,"A Rather Remarkable Homecoming (Penny Nichols, #4)",C.A. Belmond,"Belmond, C.A.",,0451234618,9780451234612,5,4,Berkley Books,Paperback,368,2011,2011,,2/18/2018,,,read,,,,1,,,0,,,,,
34912895,The Great Alone,Kristin Hannah,"Hannah, Kristin",,,,5,4.35,St. Martin's Press,Kindle Edition,435,2018,2018,,2/27/2018,,,read,,,,1,,,0,,,,,
30821598,My Not So Perfect Life,Sophie Kinsella,"Kinsella, Sophie",,0593074793,9780593074794,5,3.8,Bantam Press,Paperback,448,2017,2017,,10/21/2018,,,read,,,,1,,,0,,,,,
36212848,The Other Woman,Sandie Jones,"Jones, Sandie",,125019198X,9781250191984,4,3.76,Minotaur Books,Hardcover,304,2018,2018,,12/7/2018,,,read,,,,1,,,0,,,,,
13335037,"Divergent (Divergent, #1)",Veronica Roth,"Roth, Veronica",,0062024035,9780062024039,4,4.18,Katherine Tegen Books,Paperback,487,2012,2011,,7/14/2016,,,read,,,,1,,,0,,,,,
11735983,"Insurgent (Divergent, #2)",Veronica Roth,"Roth, Veronica",,0007442912,9780007442911,4,4.01,HarperCollins Children's Books,Hardcover,525,2012,2012,,7/14/2016,,,read,,,,1,,,0,,,,,
15507958,"Me Before You (Me Before You, #1)",Jojo Moyes,"Moyes, Jojo",,0670026603,9780670026609,5,4.26,Pamela Dorman Books/Viking,Hardcover,369,2012,2012,,9/26/2016,,,read,,,,1,,,0,,,,,
25041504,"After You (Me Before You, #2)",Jojo Moyes,"Moyes, Jojo",,,,4,3.73,Pamela Dorman Books,Kindle Edition,353,2015,2015,,1/7/2017,,,read,,,,1,,,0,,,,,
23341607,The Rumor,Elin Hilderbrand,"Hilderbrand, Elin",,0316334529,9780316334525,5,3.73,"Little, Brown and Company",Hardcover,370,2015,2015,1/17/2018,2/26/2017,,,read,,,,1,,,0,,,,,
27161845,Here's to Us,Elin Hilderbrand,"Hilderbrand, Elin",,0316375144,9780316375146,5,3.75,"Little, Brown and Company",Hardcover,410,2016,2016,,2/26/2017,,,read,,,,1,,,0,,,,,
20706316,"Winter Street (Winter, #1)",Elin Hilderbrand,"Hilderbrand, Elin",,0316376116,9780316376112,4,3.78,"Little, Brown and Company",Hardcover,249,2014,2014,,2/26/2017,,,read,,,,1,,,0,,,,,
284195,Nantucket Nights,Elin Hilderbrand,"Hilderbrand, Elin",,0312989768,9780312989767,5,3.63,St. Martin's Paperbacks,Mass Market Paperback,326,2003,2002,,2/26/2017,,,read,,,,1,,,0,,,,,
1239882,The Beach Club,Elin Hilderbrand,"Hilderbrand, Elin",,031226125X,9780312261252,5,3.8,St. Martin's Press,Hardcover,357,2000,2000,,2/26/2017,,,read,,,,1,,,0,,,,,
21853621,The Nightingale,Kristin Hannah,"Hannah, Kristin",,0312577222,9780312577223,5,4.57,St. Martin's Press,Hardcover,440,2015,2015,,10/7/2014,,,read,,,,1,,,0,,,,,
18144115,All Fall Down,Jennifer Weiner,"Weiner, Jennifer",,145161778X,9781451617788,3,3.63,Atria Books,Hardcover,384,2014,2014,1/7/2017,10/7/2014,,,read,,,,1,,,0,,,,,
54153698,You Have a Match,Emma Lord,"Lord, Emma",,,,5,3.69,,Kindle Edition,309,2021,2021,5/9/2021,5/6/2021,,,read,,,,1,,,0,,,,,
50732413,Summer on the Bluffs (Oak Bluffs #1),Sunny Hostin,"Hostin, Sunny",,0062994174,9780062994172,0,3.99,William Morrow,Hardcover,432,2021,2021,,5/6/2021,to-read,to-read (#48),to-read,,,,0,,,0,,,,,
55070633,This Time Next Year,Sophie Cousens,"Cousens, Sophie",,,,5,3.91,G.P. Putnam's Sons,Kindle Edition,352,2020,2020,5/6/2021,5/2/2021,,,read,,,,1,,,0,,,,,
55467800,That Summer,Jennifer Weiner,"Weiner, Jennifer",,1501133543,9781501133541,0,4.03,Atria Books,Hardcover,432,2021,2021,,5/3/2021,to-read,to-read (#47),to-read,,,,0,,,0,,,,,
55429079,Furia,Yamile Saied Méndez,"Méndez, Yamile Saied",,1616209917,9781616209919,3,4.27,Algonquin Young Readers,Hardcover,368,2020,2020,4/28/2021,4/2/2021,,,read,,,,1,,,0,,,,,
53922338,Group: How One Therapist and a Circle of Strangers Saved My Life,Christie Tate,"Tate, Christie",,,,5,3.76,,Kindle Edition,,2020,2020,4/27/2021,4/20/2021,,,read,,,,1,,,0,,,,,
56056277,The Sanatorium,Sarah  Pearse,"Pearse, Sarah",,,,5,3.44,Pamela Dorman Books,Kindle Edition,400,2021,2021,2/13/2021,2/9/2021,,,read,,,,1,,,0,,,,,
57650174,Northern Spy,Flynn Berry,"Berry, Flynn",,0735224994,9780735224995,3,3.78,Viking,Hardcover,288,2021,2021,4/20/2021,4/15/2021,,,read,,,,1,,,0,,,,,
48710236,Paris is Always a Good Idea,Jenn McKinlay,"McKinlay, Jenn",,0593101359,9780593101353,0,3.79,Berkley Books,Paperback,334,2020,2020,,4/19/2021,to-read,to-read (#46),to-read,,,,0,,,0,,,,,
49083252,The Lost Apothecary,Sarah Penner,"Penner, Sarah",,,,4,3.86,Park Row Books/HarperCollins,Kindle Edition,320,2021,2021,4/17/2021,3/1/2021,,,read,,,,1,,,0,,,,,
50623864,The Invisible Life of Addie LaRue,V.E. Schwab,"Schwab, V.E.",,0765387565,9780765387561,4,4.3,Tor Books,Hardcover,448,2020,2020,2/26/2021,10/29/2020,,,read,,,,1,,,0,,,,,
52029910,The Lying Game,Ruth Ware,"Ware, Ruth",,,,4,3.54,Gallery/Scout Press,Kindle Edition,480,2020,2017,3/30/2021,3/25/2021,,,read,,,,1,,,0,,,,,
53568397,The Midnight Library,Matt Haig,"Haig, Matt",,,,4,4.16,Viking ,Kindle Edition,289,2020,2020,3/17/2021,3/14/2021,,,read,,,,1,,,0,,,,,
50762972,Firekeeper's Daughter,Angeline Boulley,"Boulley, Angeline",,,,5,4.47,Henry Holt and Co. (BYR),Kindle Edition,496,2021,2021,4/12/2021,3/16/2021,,,read,,,,1,,,0,,,,,
45300567,The Maidens,Alex Michaelides,"Michaelides, Alex",,1250304458,9781250304452,0,3.85,Celadon Books,Hardcover,352,2021,2021,,4/8/2021,to-read,to-read (#45),to-read,,,,0,,,0,,,,,
51122031,A Cuban Girl's Guide to Tea and Tomorrow,Laura Taylor Namey,"Namey, Laura Taylor",,,,5,3.87,Atheneum Books for Young Readers,Kindle Edition,320,2020,2020,4/4/2021,3/30/2021,,,read,,,,1,,,0,,,,,
45714854,The Hunting Wives,May Cobb,"Cobb, May",,0593101138,9780593101131,0,3.73,Berkley,Hardcover,368,2021,2021,,4/1/2021,to-read,to-read (#44),to-read,,,,0,,,0,,,,,
52129515,Untamed,Glennon Doyle,"Doyle, Glennon",Glennon Doyle Melton,1984801252,9781984801258,2,4.05,The Dial Press,Hardcover,333,2020,2020,3/29/2021,3/24/2021,,,read,,,,1,,,0,,,,,
43594271,"Bringing Down the Duke (A League of Extraordinary Women, #1)",Evie Dunmore,"Dunmore, Evie",,,,0,3.99,Berkley,Kindle Edition,356,2019,2019,,3/18/2021,to-read,to-read (#43),to-read,,,,0,,,0,,,,,
54268364,The Songbook of Benny Lament,Amy Harmon,"Harmon, Amy",,,,4,4.54,Lake Union Publishing,Kindle Edition,444,2021,2021,3/24/2021,2/15/2021,,,read,,,,1,,,0,,,,,
39507318,The Library Book,Susan Orlean,"Orlean, Susan",,1476740186,9781476740188,5,3.89,Simon & Schuster,Hardcover,317,2018,2018,3/20/2021,3/17/2021,,,read,,,,1,,,0,,,,,
27237358,Making Faces,Amy Harmon,"Harmon, Amy",,,,5,4.31,,ebook,405,2013,2013,,1/17/2018,,,read,,,,1,,,0,,,,,
25057849,Dancing to an Irish Reel,Claire Fullerton,"Fullerton, Claire",,0990304256,9780990304258,0,4.23,"Vinspire Publishing, LLC",Paperback,222,2015,2015,,3/18/2021,to-read,to-read (#42),to-read,,,,0,,,0,,,,,
54303141,Big Summer,Jennifer Weiner,"Weiner, Jennifer",,1501133527,9781501133527,0,3.64,Washington Square Press,Paperback,384,2021,2020,,3/18/2021,to-read,to-read (#41),to-read,,,,0,,,0,,,,,
26096202,"Wild Irish Roots: Margaret & Sean (Mystic Cove, #5)",Tricia O'Malley,"O'Malley, Tricia",,,,3,4.46,,Kindle Edition,316,2015,2018,3/14/2021,2/24/2021,,,read,,,,1,,,0,,,,,
55919704,Infinite Country,Patricia Engel,"Engel, Patricia",,,,3,4.04,Avid Reader Press,Kindle Edition,208,2021,2021,3/12/2021,3/4/2021,,,read,,,,1,,,0,,,,,
50607466,"The Henna Artist (The Henna Artist, #1)",Alka Joshi,"Joshi, Alka",,0778310205,9780778310204,4,4.22,Mira Books,Paperback,384,2020,2020,3/11/2021,5/5/2020,reese-bookclub,reese-bookclub (#13),read,,,,1,,,0,,,,,
32075853,Erotic Stories for Punjabi Widows,Balli Kaur Jaswal,"Jaswal, Balli Kaur",,0062645129,9780062645128,5,3.91,William Morrow,Hardcover,304,2017,2017,3/8/2021,3/6/2021,,,read,,,,1,,,0,,,,,
39863482,The Night Tiger,Yangsze Choo,"Choo, Yangsze",,1250175453,9781250175458,5,3.86,Flatiron Books,Hardcover,384,2019,2019,3/5/2021,2/4/2020,reese-bookclub,reese-bookclub (#8),read,,,,1,,,0,,,,,
48805345,The Girl from Widow Hills,Megan Miranda,"Miranda, Megan",,,,5,3.7,Simon & Schuster ,Kindle Edition,352,2020,2020,3/2/2021,2/27/2021,,,read,,,,1,,,0,,,,,
49374507,The Last Story of Mina Lee,Nancy Jooyoun Kim,"Kim, Nancy Jooyoun",,,,3,3.56,Park Row,Hardcover,384,2020,2020,3/2/2021,2/28/2021,,,read,,,,1,,,0,,,,,
23463279,Designing Data-Intensive Applications,Martin Kleppmann,"Kleppmann, Martin",,,,0,4.71,O'Reilly,ebook,562,,2015,2/27/2021,12/7/2020,,,read,,,,1,,,0,,,,,
25177381,"Wild Irish Rebel (Mystic Cove, #4)",Tricia O'Malley,"O'Malley, Tricia",,,,4,4.43,Park & Stowell,Kindle Edition,274,2015,2015,2/24/2021,2/23/2021,,,read,,,,1,,,0,,,,,
43604960,"Born in Fire (Born In Trilogy, #1)",Nora Roberts,"Roberts, Nora",,0515114693,9780515114690,0,4.22,Berkley,Paperback,416,2019,1994,,2/23/2021,to-read,to-read (#40),to-read,,,,0,,,0,,,,,
23696445,"Wild Irish Soul (Mystic Cove, #3)",Tricia O'Malley,"O'Malley, Tricia",,,,4,4.38,,Kindle Edition,282,2014,2014,2/22/2021,2/20/2021,,,read,,,,1,,,0,,,,,
42202117,"From Scratch: A Memoir of Love, Sicily, and Finding Home",Tembi Locke,"Locke, Tembi",,1501187651,9781501187650,5,3.88,Simon & Schuster,Hardcover,339,2019,2019,2/22/2021,2/3/2021,,,read,,,,1,,,0,,,,,
23356548,"Wild Irish Eyes (Mystic Cove, #2)",Tricia O'Malley,"O'Malley, Tricia",,,,4,4.29,Park & Stowell ,Kindle Edition,256,2014,2014,2/20/2021,2/19/2021,,,read,,,,1,,,0,,,,,
23256897,"Wild Irish Heart (Mystic Cove, #1)",Tricia O'Malley,"O'Malley, Tricia",,,,3,4.08,Park & Stowell,Kindle Edition,258,2014,2014,2/19/2021,2/18/2021,,,read,,,,1,,,0,,,,,
40396699,The Silent Patient,Alex Michaelides,"Michaelides, Alex",,,,5,4.11,Celadon Books,Kindle Edition,325,2019,2019,2/18/2021,2/4/2020,,,read,,,,1,,,0,,,,,
56293848,Eliza Starts a Rumor,Jane L. Rosen,"Rosen, Jane L.",,0593102096,9780593102091,0,3.92,Berkley Books,Paperback,336,2021,2020,,2/18/2021,to-read,to-read (#39),to-read,,,,0,,,0,,,,,
54908101,The Wife Upstairs,Rachel Hawkins,"Hawkins, Rachel",,,,3,3.8,St. Martin's Press,Kindle Edition,277,2021,2021,2/15/2021,2/9/2021,,,read,,,,1,,,0,,,,,
33986067,Deep Learning with Python,Francois Chollet,"Chollet, Francois",,1617294438,9781617294433,0,4.62,Manning,Paperback,350,2017,2018,2/14/2021,12/7/2020,,,read,,,,1,,,0,,,,,
53867504,Leave the World Behind,Rumaan Alam,"Alam, Rumaan",,,,5,3.27,Ecco,Kindle Edition,256,2020,2020,2/7/2021,1/18/2021,,,read,,,,1,,,0,,,,,
46038742,Outlawed,Anna North,"North, Anna",,,,4,3.6,Bloomsbury Publishing,Kindle Edition,272,2021,2021,2/2/2021,1/29/2021,,,read,,,,1,,,0,,,,,
54798488,The One Hundred Years of Lenni and Margot,Marianne Cronin,"Cronin, Marianne",,0063017504,9780063017504,0,4.47,Harper Perennial,Paperback,352,2021,2021,,2/1/2021,to-read,to-read (#38),to-read,,,,0,,,0,,,,,
50998096,"Troubles in Paradise (Paradise, #3)",Elin Hilderbrand,"Hilderbrand, Elin",,0316435589,9780316435581,5,3.94,"Little, Brown and Company",Hardcover,352,2020,2020,1/29/2021,1/26/2021,,,read,,,,1,,,0,,,,,
46273542,The Two Lives of Lydia Bird,Josie Silver,"Silver, Josie",,,,4,3.79,Ballantine Books,Kindle Edition,432,2020,2020,1/26/2021,1/24/2021,,,read,,,,1,,,0,,,,,
43884998,"What Happens in Paradise (Paradise, #2)",Elin Hilderbrand,"Hilderbrand, Elin",,0316426075,9780316426077,4,4.02,"Little, Brown and Company",Hardcover,432,2019,2019,1/24/2021,1/20/2021,,,read,,,,1,,,0,,,,,
53524230,The Chicken Sisters,K.J. Dell'Antonia,"Dell'Antonia, K.J.",,,,5,3.44,G.P. Putnam's Sons,Kindle Edition,352,2020,2020,1/20/2021,1/16/2021,,,read,,,,1,,,0,,,,,
52195151,The Vanishing Half,Brit Bennett,"Bennett, Brit",,,,4,4.25,Riverhead Books,Kindle Edition,350,2020,2020,1/15/2021,1/11/2021,,,read,,,,1,,,0,,,,,
43925876,The Giver of Stars,Jojo Moyes,"Moyes, Jojo",,0399562486,9780399562488,5,4.27,Pamela Dorman Books,Hardcover,388,2019,2019,,2/2/2020,,,read,,,,1,,,0,,,,,
52867387,Beach Read,Emily Henry,"Henry, Emily",,1984806734,9781984806734,0,4.03,Berkley,Paperback,361,2020,2020,,1/18/2021,to-read,to-read (#37),to-read,,,,0,,,0,,,,,
41837243,Lock Every Door,Riley Sager,"Sager, Riley",,,,0,3.91,Dutton,ebook,381,2019,2019,,1/18/2021,to-read,to-read (#36),to-read,,,,0,,,0,,,,,
51815479,Where the Lost Wander,Amy Harmon,"Harmon, Amy",,,,0,4.4,Lake Union Publishing,Kindle Edition,343,2020,2020,,1/18/2021,to-read,to-read (#35),to-read,,,,0,,,0,,,,,
40407141,What the Wind Knows,Amy Harmon,"Harmon, Amy",,,,0,4.31,Lake Union Publishing,Kindle Edition,411,2019,2019,,1/18/2021,to-read,to-read (#34),to-read,,,,0,,,0,,,,,
52629521,Eliza Starts a Rumor,Jane L. Rosen,"Rosen, Jane L.",,0593102088,9780593102084,0,3.92,Berkley Books,Hardcover,320,2020,2020,,1/12/2021,to-read,to-read (#33),to-read,,,,0,,,0,,,,,
51043761,Hadley & Grace,Suzanne Redfearn,"Redfearn, Suzanne",,,,0,3.98,Lake Union Publishing,Kindle Edition,344,2021,2021,,1/12/2021,to-read,to-read (#32),to-read,,,,0,,,0,,,,,
49127421,"The Awakening (The Dragon Heart Legacy, #1)",Nora Roberts,"Roberts, Nora",,1250272610,9781250272614,0,4.28,St. Martin's Press,Hardcover,435,2020,2020,,1/11/2021,to-read,to-read (#31),to-read,,,,0,,,0,,,,,
43666435,"Ask Again, Yes",Mary Beth Keane,"Keane, Mary Beth",,,,4,3.97,Scribner,Kindle Edition,400,2019,2019,1/11/2021,1/2/2021,,,read,,,,1,,,0,,,,,
24358259,Finding Audrey,Sophie Kinsella,"Kinsella, Sophie",,,,5,3.76,Delacorte Press,Kindle Edition,288,2015,2015,1/2/2021,10/18/2020,,,read,,,,1,,,0,,,,,
10987,"Voyager (Outlander, #3)",Diana Gabaldon,"Gabaldon, Diana",,0385335997,9780385335997,0,4.37,Delta,Paperback,870,2001,1993,,10/18/2020,currently-reading,currently-reading (#1),currently-reading,,,,1,,,0,,,,,
5364,"Dragonfly in Amber (Outlander, #2)",Diana Gabaldon,"Gabaldon, Diana",,0385335970,9780385335973,4,4.32,Bantam,Paperback,947,2001,1992,12/30/2020,10/18/2020,,,read,,,,1,,,0,,,,,
54415462,"Clanlands: Whisky, Warfare, and a Scottish Adventure Like No Other",Sam Heughan,"Heughan, Sam",Graham McTavish,1529342007,9781529342000,4,4.17,Hodder & Stoughton,Hardcover,297,2020,2020,12/29/2020,11/15/2020,,,read,,,,1,,,0,,,,,
51197260,The Last Flight,Julie   Clark,"Clark, Julie",,,,5,4.12,Sourcebooks Landmark,Kindle Edition,320,2020,2020,12/26/2020,12/19/2020,,,read,,,,1,,,0,,,,,
51179832,"Fable (Fable, #1)",Adrienne Young,"Young, Adrienne",,,,5,4.14,Wednesday Books,Kindle Edition,361,2020,2020,12/18/2020,12/11/2020,,,read,,,,1,,,0,,,,,
43811209,Christmas Shopaholic,Sophie Kinsella,"Kinsella, Sophie",,1787631974,9781787631977,5,3.98,Bantam Press,Paperback,384,2019,2019,12/11/2020,12/1/2020,,,read,,,,1,,,0,,,,,
18379597,Applied Predictive Analytics: Principles and Techniques for the Professional Data Analyst,Dean Abbott,"Abbott, Dean",,111872769X,9781118727690,0,4.4,Wiley,ebook,464,2014,2014,,12/2/2020,,,read,,,,1,,,0,,,,,
15941378,"Predictive Analytics: The Power to Predict Who Will Click, Buy, Lie, or Die",Eric Siegel,"Siegel, Eric",,1118356853,9781118356852,0,3.67,John Wiley & Sons,Hardcover,302,2013,2013,,12/2/2020,,,read,,,,1,,,0,,,,,
279308,I Thought It Was Just Me: Women Reclaiming Power and Courage in a Culture of Shame,Brené Brown,"Brown, Brené",,1592402631,9781592402632,4,4.2,Gotham Books,Hardcover,305,2007,2007,,12/2/2020,,,read,,,,1,,,0,,,,,
40591267,"Girl, Stop Apologizing: A Shame-Free Plan for Embracing and Achieving Your Goals",Rachel Hollis,"Hollis, Rachel",,1400209609,9781400209606,2,3.87,HarperCollins Leadership,Hardcover,240,2019,2019,,12/2/2020,,,read,,,,1,,,0,,,,,
35297426,Then She Was Gone,Lisa Jewell,"Jewell, Lisa",,1501154648,9781501154645,5,4.04,Atria Books,Hardcover,359,2018,2017,,2/4/2020,,,read,,,,1,,,0,,,,,
35883430,I'm Still Here: Black Dignity in a World Made for Whiteness,Austin Channing Brown,"Brown, Austin Channing",,,,0,4.38,Convergent Books,Hardcover,185,2018,2018,,12/2/2020,,,read,,,,1,,,0,,,,,
40401992,The Islanders,Meg Mitchell Moore,"Moore, Meg Mitchell",,0062840088,9780062840080,0,3.84,William Morrow,ebook,416,2019,2019,,12/1/2020,to-read,to-read (#30),to-read,,,,0,,,0,,,,,
50348372,Two Truths and a Lie,Meg Mitchell Moore,"Moore, Meg Mitchell",,,,5,3.68,William Morrow,Kindle Edition,336,2020,2020,12/1/2020,11/22/2020,,,read,,,,1,,,0,,,,,
8540454,"The Short Second Life of Bree Tanner (Twilight, #3.5)",Stephenie Meyer,"Meyer, Stephenie",,,,5,3.51,"Little, Brown Books for Young Readers",Kindle Edition,213,2010,2009,11/22/2020,11/17/2020,,,read,,,,1,,,0,,,,,
29868610,Scrappy Little Nobody,Anna Kendrick,"Kendrick, Anna",,1501117203,9781501117206,5,3.86,Gallery Books,Hardcover,275,2016,2016,11/17/2020,11/15/2020,,,read,,,,1,,,0,,,,,
40731965,The Rules of Magic,Alice Hoffman,"Hoffman, Alice",,,,3,3.97,Simon & Schuster; Reprint edition,Kindle Edition,385,2017,2017,11/9/2020,2/4/2020,reese-bookclub,reese-bookclub (#3),read,,,,1,,,0,,,,,
10964,"Outlander (Outlander, #1)",Diana Gabaldon,"Gabaldon, Diana",,0440242940,9780440242949,5,4.23,Dell Publishing Company,Mass Market Paperback,850,2005,1991,10/30/2020,10/4/2020,,,read,,,,1,,,0,,,,,
33597976,The Snow Child,Eowyn Ivey,"Ivey, Eowyn",,,,0,3.97,Reagan Arthur Books,Kindle Edition,404,2012,2012,,10/23/2020,to-read,to-read (#29),to-read,,,,0,,,0,,,,,
1709407,"Lord John and the Hellfire Club (Lord John Grey, #0.5)",Diana Gabaldon,"Gabaldon, Diana",Jeff Woodman,140255981X,9781402559815,0,3.83,Recorded Books,Audio CD,2,2003,1998,,10/18/2020,to-read,to-read (#28),to-read,,,,0,,,0,,,,,
50163460,Besieged (Lord John Grey #3.75),Diana Gabaldon,"Gabaldon, Diana",Jeff Woodman,,,0,3.65,Recorded Books,Audiobook,,2018,2018,,10/18/2020,to-read,to-read (#27),to-read,,,,0,,,0,,,,,
32739396,"Seven Stones to Stand or Fall (Outlander 0.5, 7.5 & 8.5)",Diana Gabaldon,"Gabaldon, Diana",,0385689551,9780385689557,0,4.25,Doubleday Canada,Hardcover,526,2017,2017,,10/18/2020,to-read,to-read (#26),to-read,,,,0,,,0,,,,,
17620728,A Plague of Zombies (Lord John Grey #3.5),Diana Gabaldon,"Gabaldon, Diana",,0345546466,9780345546463,0,3.99,Dell,ebook,94,2013,2011,,10/18/2020,to-read,to-read (#25),to-read,,,,0,,,0,,,,,
13422194,"The Custom of the Army (Lord John Grey, #2.75)",Diana Gabaldon,"Gabaldon, Diana",Jeff Woodman,0345541022,9780345541024,0,4.03,Dell,ebook,76,2012,2010,,10/18/2020,to-read,to-read (#24),to-read,,,,0,,,0,,,,,
50106948,"Lord John and the Haunted Soldier (Lord John Grey, #2.5)",Diana Gabaldon,"Gabaldon, Diana",,,,0,3.73,,Kindle Edition,100,2007,,,10/18/2020,to-read,to-read (#23),to-read,,,,0,,,0,,,,,
49885278,"Lord John and the Succubus (Lord John Grey, #1.5)",Diana Gabaldon,"Gabaldon, Diana",,,,0,3.78,,Kindle Edition,100,2003,,,10/18/2020,to-read,to-read (#22),to-read,,,,0,,,0,,,,,
8533018,"The Scottish Prisoner (Lord John Grey, #3)",Diana Gabaldon,"Gabaldon, Diana",,1409135195,9781409135197,0,4.21,Orion Publishing Group,Paperback,560,2012,2011,,10/18/2020,to-read,to-read (#21),to-read,,,,0,,,0,,,,,
41502,"Lord John and the Brotherhood of the Blade  (Lord John Grey, #2)",Diana Gabaldon,"Gabaldon, Diana",,0385337493,9780385337496,0,3.9,Delacorte Press,Hardcover,494,2007,2007,,10/18/2020,to-read,to-read (#20),to-read,,,,0,,,0,,,,,
10990,"Lord John and the Private Matter (Lord John Grey, #1)",Diana Gabaldon,"Gabaldon, Diana",,0770429459,9780770429454,0,3.71,Seal,Mass Market Paperback,368,2005,2003,,10/18/2020,to-read,to-read (#19),to-read,,,,0,,,0,,,,,
11710373,"Written in My Own Heart's Blood (Outlander, #8)",Diana Gabaldon,"Gabaldon, Diana",,0385344430,9780385344432,0,4.53,Delacorte Press,Hardcover,825,2014,2014,,10/18/2020,to-read,to-read (#18),to-read,,,,0,,,0,,,,,
2832909,"An Echo in the Bone (Outlander, #7)",Diana Gabaldon,"Gabaldon, Diana",,0752898477,9780752898476,0,4.42,Orion,Hardcover,820,2010,2009,,10/18/2020,to-read,to-read (#17),to-read,,,,0,,,0,,,,,
10965,"A Breath of Snow and Ashes (Outlander, #6)",Diana Gabaldon,"Gabaldon, Diana",,0385340397,9780385340397,0,4.42,Delta,Paperback,993,2006,2005,,10/18/2020,to-read,to-read (#16),to-read,,,,0,,,0,,,,,
10967,"The Fiery Cross (Outlander, #5)",Diana Gabaldon,"Gabaldon, Diana",Janos Farkas,0440221668,9780440221661,0,4.22,Dell,Mass Market Paperback,1443,2005,2001,,10/18/2020,to-read,to-read (#15),to-read,,,,0,,,0,,,,,
40909452,"Drums of Autumn (Outlander, #4)",Diana Gabaldon,"Gabaldon, Diana",,0525618732,9780525618737,0,4.32,Bantam,Paperback,928,2018,1996,,10/18/2020,to-read,to-read (#14),to-read,,,,0,,,0,,,,,
32051912,The Alice Network,Kate Quinn,"Quinn, Kate",,0062654195,9780062654199,0,4.27,William Morrow Paperbacks,Paperback,503,2017,2017,,10/18/2020,to-read,to-read (#13),to-read,,,,0,,,0,,,,,
53497963,Kindle Paperwhite User’s Guide,Amazon,"Amazon, Amazon",,,,0,3.77,,Kindle Edition,,2019,2011,6/9/2020,6/7/2020,,,read,,,,1,,,0,,,,,
30343512,Stone Song (The Isle of Destiny #1),Tricia O'Malley,"O'Malley, Tricia",,,,4,4.25,,Kindle Edition,296,2016,2016,10/10/2020,9/26/2020,,,read,,,,1,,,0,,,,,
51037979,In an Instant,Suzanne Redfearn,"Redfearn, Suzanne",,,,0,4.35,Lake Union Publishing,Kindle Edition,326,2020,2020,,10/4/2020,to-read,to-read (#12),to-read,,,,0,,,0,,,,,
29219252,"Virgins (Outlander, #0.5)",Diana Gabaldon,"Gabaldon, Diana",,,,5,3.93,Dell,Kindle Edition,86,2016,2013,10/2/2020,9/29/2020,,,read,,,,1,,,0,,,,,
44675807,The Last House Guest,Megan Miranda,"Miranda, Megan",,1501165380,9781501165382,5,3.6,Simon  Schuster,Paperback,368,2020,2019,,3/20/2020,,,read,,,,1,,,0,,,,,
17571290,The Runaway Wife,Rowan Coleman,"Coleman, Rowan",,1476725233,9781476725239,0,3.71,Gallery Books,Paperback,408,2013,2012,,9/6/2015,to-read,to-read (#11),to-read,,,,0,,,0,,,,,
18143977,All the Light We Cannot See,Anthony Doerr,"Doerr, Anthony",,1476746583,9781476746586,0,4.32,Scribner,Hardcover,531,2014,2014,,4/7/2017,to-read,to-read (#10),to-read,,,,0,,,0,,,,,
42731455,Mrs. Everything,Jennifer Weiner,"Weiner, Jennifer",,,,0,3.85,Atria Books,Kindle Edition,480,2019,2019,,9/12/2020,to-read,to-read (#9),to-read,,,,0,,,0,,,,,
45163258,Such a Fun Age,Kiley Reid,"Reid, Kiley",,,,5,3.85,G.P. Putnam's Sons,Kindle Edition,320,2019,2019,9/12/2020,2/4/2020,reese-bookclub,reese-bookclub (#2),read,,,,1,,,0,,,,,
29698573,A Different Blue,Amy Harmon,"Harmon, Amy",,,,5,4.22,CreateSpace,Paperback,368,2016,2013,2/27/2018,1/17/2018,,,read,,,,1,,,0,,,,,
37499069,Still Lives,Maria Hummel,"Hummel, Maria",,,,3,3.29,Counterpoint,Kindle Edition,288,2018,2018,7/5/2020,2/4/2020,reese-bookclub,reese-bookclub (#10),read,,,,1,,,0,,,,,
52656911,The Guest List,Lucy Foley,"Foley, Lucy",,,,3,3.86,William Morrow,Kindle Edition,319,2020,2020,7/28/2020,7/18/2020,,,read,,,,1,,,0,,,,,
46128213,The Cactus,Sarah  Haywood,"Haywood, Sarah",,,,2,3.62,Park Row,Kindle Edition,292,2018,2018,8/2/2020,2/4/2020,reese-bookclub,reese-bookclub (#7),read,,,,1,,,0,,,,,
49237241,The Wife Stalker,Liv Constantine,"Constantine, Liv",,,,4,3.67,HarperCollins Publishers,Kindle Edition,320,2020,2020,8/29/2020,8/22/2020,,,read,,,,1,,,0,,,,,
45714291,The Jetsetters,Amanda Eyre Ward,"Ward, Amanda Eyre",,,,5,3.13,Ballantine Books,Kindle Edition,318,2020,2020,8/22/2020,3/14/2020,reese-bookclub,reese-bookclub (#12),read,,,,1,,,0,,,,,
53138081,The Four Winds,Kristin Hannah,"Hannah, Kristin",,,,0,4.37,St. Martin's Press,Hardcover,464,2021,2021,,8/17/2020,to-read,to-read (#8),to-read,,,,0,,,0,,,,,
42660306,Conviction,Denise Mina,"Mina, Denise",,,,5,3.56,"Little, Brown and Company",Kindle Edition,240,2019,2019,8/11/2020,2/4/2020,reese-bookclub,reese-bookclub (#4),read,,,,1,,,0,,,,,
44908618,Mr. Nobody,Catherine Steadman,"Steadman, Catherine",,,,5,3.6,Ballantine Books,Kindle Edition,368,2020,2020,7/14/2020,2/13/2020,,,read,,,,1,,,0,,,,,
43348622,The Last House Guest,Megan Miranda,"Miranda, Megan",,,,5,3.6,Simon & Schuster,Kindle Edition,353,2019,2019,6/28/2020,2/4/2020,reese-bookclub,reese-bookclub (#6),read,,,,1,,,0,,,,,
42283286,Summer of '69,Elin Hilderbrand,"Hilderbrand, Elin",,0316420018,9780316420013,5,3.96,"Little, Brown and Company",Hardcover,432,2019,2019,6/30/2020,6/3/2020,,,read,,,,1,,,0,,,,,
42731451,Whisper Network,Chandler Baker,"Baker, Chandler",,,,3,3.62,Flatiron Books,Kindle Edition,320,2019,2019,6/20/2020,2/4/2020,reese-bookclub,reese-bookclub (#5),read,,,,1,,,0,,,,,
36043027,"You Think It, I'll Say It",Curtis Sittenfeld,"Sittenfeld, Curtis",,,,5,3.69,Random House,Kindle Edition,226,2018,2017,6/9/2020,6/7/2020,,,read,,,,1,,,0,,,,,
36388243,Something in the Water,Catherine Steadman,"Steadman, Catherine",,1524797189,9781524797188,4,3.59,Ballantine,Hardcover,342,2018,2018,6/3/2020,2/4/2020,,,read,,,,1,,,0,,,,,
41150498,The Scent Keeper,Erica Bauermeister,"Bauermeister, Erica",,125020013X,9781250200136,5,3.94,St. Martin's Press,Hardcover,311,2019,2019,5/19/2020,2/5/2020,reese-bookclub,reese-bookclub (#11),read,,,,1,,,0,,,,,
36809135,Where the Crawdads Sing,Delia Owens,"Owens, Delia",Luise Helm,0735219117,9780735219113,5,4.46,G.P. Putnam’s Sons,ebook,384,2018,2018,5/5/2020,12/7/2018,reese-bookclub,reese-bookclub (#1),read,,,,1,,,0,,,,,
16171291,The Silent Wife,A.S.A. Harrison,"Harrison, A.S.A.",,0143123238,9780143123231,2,3.32,Penguin Books,Paperback,326,2013,2013,,2/27/2020,,,read,,,,1,,,0,,,,,
34043643,The Last Mrs. Parrish,Liv Constantine,"Constantine, Liv",,0062688162,9780062688163,5,3.91,HarperLuxe,Paperback,560,2017,2017,2/10/2020,2/4/2020,,,read,,,,1,,,0,,,,,
34374628,Next Year in Havana,Chanel Cleeton,"Cleeton, Chanel",,0399586687,9780399586682,0,3.93,Berkley,Paperback,361,2018,2018,,2/4/2020,"to-read, reese-bookclub","to-read (#7), reese-bookclub (#9)",to-read,,,,0,,,0,,,,,
45046527,American Dirt,Jeanine Cummins,"Cummins, Jeanine",,,,0,4.34,Flatiron Books,Hardcover,459,2020,2020,,2/4/2020,to-read,to-read (#6),to-read,,,,0,,,0,,,,,
38255337,One Day in December,Josie Silver,"Silver, Josie",,,,4,3.93,Ballantine Books,Paperback,393,2018,2018,2/4/2020,12/7/2018,,,read,,,,1,,,0,,,,,
5886881,Dark Places,Gillian Flynn,"Flynn, Gillian",,0307341569,9780307341563,5,3.93,Shaye Areheart Books,Hardcover,349,2009,2009,,1/31/2020,,,read,,,,1,,,0,,,,,
29578044,Losing Cadence,Laura  Lovett,"Lovett, Laura",,1491788518,9781491788516,5,4.15,iUniverse,Paperback,252,2016,2016,,10/21/2018,,,read,,,,1,,,0,,,,,
12262741,Wild: From Lost to Found on the Pacific Crest Trail,Cheryl Strayed,"Strayed, Cheryl",,0307592731,9780307592736,5,4.02,Knopf,Hardcover,315,2012,2012,8/7/2015,6/4/2015,,,read,,,,1,,,0,,,,,
34273236,Little Fires Everywhere,Celeste Ng,"Ng, Celeste",,0735224293,9780735224292,5,4.09,Penguin Press,Hardcover,338,2017,2017,,11/4/2019,,,read,,,,1,,,0,,,,,
32956365,The Light We Lost,Jill Santopolo,"Santopolo, Jill",,0735212759,9780735212756,2,3.87,G.P. Putnam's Sons,Hardcover,328,2017,2017,,11/4/2019,,,read,,,,1,,,0,,,,,
31434883,Eleanor Oliphant Is Completely Fine,Gail Honeyman,"Honeyman, Gail",,0735220689,9780735220683,5,4.27,Pamela Dorman Books / Viking,Hardcover,336,2017,2017,,11/4/2019,,,read,,,,1,,,0,,,,,
18161265,How to Fall in Love,Cecelia Ahern,"Ahern, Cecelia",,000735049X,9780007350490,0,4,HarperCollins Publishers Ltd,Hardcover,327,2013,2013,,3/18/2019,to-read,to-read (#5),to-read,,,,0,,,0,,,,,
20949430,Silver Bay,Jojo Moyes,"Moyes, Jojo",,0143126482,9780143126485,5,3.74,Penguin Books,Paperback,338,2014,2007,,3/17/2019,,,read,,,,1,,,0,,,,,
41839602,"Still Me (Me Before You, #3)",Jojo Moyes,"Moyes, Jojo",,039956246X,9780399562464,5,4.13,Penguin Books,Paperback,469,2018,2018,,3/17/2019,,,read,,,,1,,,0,,,,,
39280445,Nine Perfect Strangers,Liane Moriarty,"Moriarty, Liane",,1250069823,9781250069825,3,3.51,Flatiron Books,Hardcover,453,2018,2018,3/17/2019,12/7/2018,,,read,,,,1,,,0,,,,,
36422436,Finding Sophie,Laura  Lovett,"Lovett, Laura",,1773740040,9781773740041,0,4.75,Cascadia,Hardcover,,2017,,,10/21/2018,to-read,to-read (#4),to-read,,,,0,,,0,,,,,
16071745,"Someday, Someday, Maybe",Lauren Graham,"Graham, Lauren",,0345532740,9780345532749,0,3.52,Ballantine Books,Hardcover,340,2013,2013,,2/26/2017,to-read,to-read (#3),to-read,,,,0,,,0,,,,,
30253864,"Talking as Fast as I Can: From Gilmore Girls to Gilmore Girls, and Everything in Between",Lauren Graham,"Graham, Lauren",,0425285170,9780425285176,5,3.94,Ballantine Books,Hardcover,205,2016,2016,,1/7/2017,,,read,,,,1,,,0,,,,,
7726892,The Island,Elin Hilderbrand,"Hilderbrand, Elin",,0316043877,9780316043878,5,3.9,Reagan Arthur Books,Hardcover,416,2010,2010,,10/7/2014,,,read,,,,1,,,0,,,,,
18710190,"Allegiant (Divergent, #3)",Veronica Roth,"Roth, Veronica",,0007524277,9780007524273,2,3.62,HarperCollins Children's Book's,Paperback,526,2013,2013,9/26/2016,7/14/2016,,,read,,,,1,,,0,,,,,
6186357,"The Maze Runner (The Maze Runner, #1)",James Dashner,"Dashner, James",,0385737947,9780385737944,0,4.03,Delacorte Press,Hardcover,384,2009,2009,,7/14/2016,to-read,to-read (#2),to-read,,,,0,,,0,,,,,
23438288,"Flawed (Flawed, #1)",Cecelia Ahern,"Ahern, Cecelia",,1250074118,9781250074119,0,4.11,Feiwel and Friends,Hardcover,336,2016,2016,,3/29/2016,to-read,to-read (#1),to-read,,,,0,,,0,,,,,
6080822,The Castaways,Elin Hilderbrand,"Hilderbrand, Elin",,0316043893,9780316043892,0,3.72,Little Brown and Company,Hardcover,359,2009,2009,,10/7/2014,,,read,,,,1,,,0,,,,,
17407748,The Longest Ride,Nicholas Sparks,"Sparks, Nicholas",,1455520659,9781455520657,5,4.15,Grand Central Publishing,Hardcover,398,2013,2012,,4/25/2015,,,read,,,,1,,,0,,,,,
18656006,The Matchmaker,Elin Hilderbrand,"Hilderbrand, Elin",,0316099759,9780316099752,5,3.86,"Little, Brown and Company",Hardcover,368,2014,2014,,10/7/2014,,,read,,,,1,,,0,,,,,
16131025,Beautiful Day,Elin Hilderbrand,"Hilderbrand, Elin",,0316099783,9780316099783,5,3.79,Reagan Arthur Books,Hardcover,416,2013,2013,,10/7/2014,,,read,,,,1,,,0,,,,,
12987977,Where We Belong,Emily Giffin,"Giffin, Emily",,0312554192,9780312554194,4,3.88,St. Martin's Press,Hardcover,372,2012,2012,,10/7/2014,,,read,,,,1,,,0,,,,,
297134,The Things We Do for Love,Kristin Hannah,"Hannah, Kristin",,0345467515,9780345467515,4,4.08,Ballantine Books,Paperback,464,2009,2004,,10/7/2014,,,read,,,,1,,,0,,,,,
13184572,The Next Best Thing,Jennifer Weiner,"Weiner, Jennifer",,,,4,3.48,Atria Books,Kindle Edition,400,2012,2012,,10/7/2014,,,read,,,,1,,,0,,,,,
6066819,Best Friends Forever,Jennifer Weiner,"Weiner, Jennifer",,0743294297,9780743294294,4,3.5,Atria Books,Hardcover,368,2009,2009,,10/7/2014,,,read,,,,1,,,0,,,,,
9503336,Silver Girl,Elin Hilderbrand,"Hilderbrand, Elin",,031609966X,9780316099660,5,3.91,Reagan Arthur Books,Hardcover,416,2011,2011,,10/7/2014,,,read,,,,1,,,0,,,,,
12799058,Summerland,Elin Hilderbrand,"Hilderbrand, Elin",,,,5,3.86,Reagan Arthur Books,Kindle Edition,400,2012,2012,,10/7/2014,,,read,,,,1,,,0,,,,,
2285777,A Summer Affair,Elin Hilderbrand,"Hilderbrand, Elin",,0316018600,9780316018609,5,3.68,Little Brown and Company,Hardcover,408,2008,2008,,10/7/2014,,,read,,,,1,,,0,,,,,
152695,The Blue Bistro,Elin Hilderbrand,"Hilderbrand, Elin",,0312992629,9780312992620,5,3.99,St. Martin's Press,Paperback,356,2019,2005,,10/7/2014,,,read,,,,1,,,0,,,,,
16044981,"Fly Away (Firefly Lane, #2)",Kristin Hannah,"Hannah, Kristin",,0312577214,9780312577216,4,3.97,St. Martin's Press,Hardcover,400,2013,2013,,10/7/2014,,,read,,,,1,,,0,,,,,
217436,On Mystic Lake,Kristin Hannah,"Hannah, Kristin",,0345471172,9780345471178,5,3.91,Ballantine Books,Paperback,448,2004,1999,,10/7/2014,,,read,,,,1,,,0,,,,,
3975186,True Colors,Kristin Hannah,"Hannah, Kristin",,0312364105,9780312364106,5,3.97,St. Martin's Press,Hardcover,344,2009,2009,,10/7/2014,,,read,,,,1,,,0,,,,,
712313,Barefoot,Elin Hilderbrand,"Hilderbrand, Elin",,0316018589,9780316018586,5,3.78,"Little, Brown and Company",Hardcover,416,2007,2007,,10/7/2014,,,read,,,,1,,,0,,,,,
12022079,Home Front,Kristin Hannah,"Hannah, Kristin",,0312577206,9780312577209,5,4.13,St. Martin's Press,Hardcover,390,2012,2012,,10/7/2014,,,read,,,,1,,,0,,,,,
8949352,Night Road,Kristin Hannah,"Hannah, Kristin",,0312364423,9780312364427,5,4.18,St. Martin's Press,Hardcover,385,2011,2011,,10/7/2014,,,read,,,,1,,,0,,,,,
1472878,"Firefly Lane (Firefly Lane, #1)",Kristin Hannah,"Hannah, Kristin",,0312364083,9780312364083,5,4.11,St. Martin's Press,Hardcover,479,2008,2008,,10/7/2014,,,read,,,,1,,,0,,,,,
6668467,Winter Garden,Kristin Hannah,"Hannah, Kristin",,0312364121,9780312364120,5,4.19,St. Martin's Press,Hardcover,454,2010,2010,,10/7/2014,,,read,,,,1,,,0,,,,,
147865,"Love, Rosie",Cecelia Ahern,"Ahern, Cecelia",,0786891084,9780786891085,5,3.94,Hachette Books,Paperback,512,2006,2004,,10/7/2014,,,read,,,,1,,,0,,,,,
217433,Home Again,Kristin Hannah,"Hannah, Kristin",,0449226352,9780449226353,5,3.9,Ballantine Books,Paperback,448,1996,1996,,10/7/2014,,,read,,,,1,,,0,,,,,
675905,Summer People,Elin Hilderbrand,"Hilderbrand, Elin",,0312997191,9780312997199,5,3.92,St. Martin's Press,Paperback,352,2012,2003,,10/7/2014,,,read,,,,1,,,0,,,,,
297135,Summer Island,Kristin Hannah,"Hannah, Kristin",,0345483448,9780345483447,5,3.97,Ballantine Books,Paperback,448,2004,2001,,10/7/2014,,,read,,,,1,,,0,,,,,
1402668,The Gatecrasher,Madeleine Wickham,"Wickham, Madeleine",,0312361270,9780312361273,4,3.28,Thomas Dunne Books,Hardcover,296,2007,1998,,10/7/2014,,,read,,,,1,,,0,,,,,
7227174,Fly Away Home,Jennifer Weiner,"Weiner, Jennifer",,0743294270,9780743294270,4,3.69,Atria Books,Hardcover,401,2010,2010,,10/7/2014,,,read,,,,1,,,0,,,,,
7415016,"Mini Shopaholic (Shopaholic, #6)",Sophie Kinsella,"Kinsella, Sophie",,0385342047,9780385342049,5,3.72,Dial Press,Hardcover,418,2010,2010,,10/7/2014,,,read,,,,1,,,0,,,,,
426775,Chasing Harry Winston,Lauren Weisberger,"Weisberger, Lauren",,0743290119,9780743290111,2,3.35,Simon & Schuster,Hardcover,288,2008,2008,,10/7/2014,,,read,,,,1,,,0,,,,,
7114761,Heart of the Matter,Emily Giffin,"Giffin, Emily",,0312554168,9780312554163,5,3.73,St. Martin's Press,Hardcover,368,2010,2010,,10/7/2014,,,read,,,,1,,,0,,,,,
17910611,Wedding Night,Sophie Kinsella,"Kinsella, Sophie",,0812984277,9780812984279,5,3.44,Dial Press,Paperback,464,2014,2013,,10/7/2014,,,read,,,,1,,,0,,,,,
452306,"The Sisterhood of the Traveling Pants (Sisterhood, #1)",Ann Brashares,"Brashares, Ann",,0385729332,9780385729338,5,3.8,Delacorte Press,Hardcover,294,2001,2001,,10/7/2014,,,read,,,,1,,,0,,,,,
2120652,Love the One You're With,Emily Giffin,"Giffin, Emily",,0312348673,9780312348670,4,3.73,St. Martin's Press,Hardcover,342,2008,2008,,10/7/2014,,,read,,,,1,,,0,,,,,
42149,Baby Proof,Emily Giffin,"Giffin, Emily",,0312348649,9780312348649,5,3.73,St. Martin's Press,Hardcover,340,2006,2006,,10/7/2014,,,read,,,,1,,,0,,,,,
6063187,Twenties Girl,Sophie Kinsella,"Kinsella, Sophie",,0385342020,9780385342025,5,3.84,The Dial Press,Hardcover,435,2009,2009,,10/7/2014,,,read,,,,1,,,0,,,,,
1972800,"The Importance of Being Married (Jessica Wild, #1)",Gemma Townley,"Townley, Gemma",,0345499808,9780345499806,3,3.54,Ballantine Books,Paperback,337,2008,2008,,10/7/2014,,,read,,,,1,,,0,,,,,
129645,Cocktails for Three,Madeleine Wickham,"Wickham, Madeleine",,0312349998,9780312349998,3,3.44,Griffin,Paperback,301,2006,2000,,10/7/2014,,,read,,,,1,,,0,,,,,
12033455,I've Got Your Number,Sophie Kinsella,"Kinsella, Sophie",,0385342063,9780385342063,5,3.94,The Dial Press,Hardcover,433,2012,2011,,10/7/2014,,,read,,,,1,,,0,,,,,
14748,"Good in Bed (Cannie Shapiro, #1)",Jennifer Weiner,"Weiner, Jennifer",,0743418174,9780743418171,5,3.73,Washington Square Press,Paperback,376,2002,2001,,10/7/2014,,,read,,,,1,,,0,,,,,
14756,Goodnight Nobody,Jennifer Weiner,"Weiner, Jennifer",,0743470125,9780743470124,5,3.65,Washington Square Press,Paperback,387,2006,2005,,10/7/2014,,,read,,,,1,,,0,,,,,
827483,Little White Lies,Gemma Townley,"Townley, Gemma",,0345467574,9780345467577,4,3.66,Ballantine Books,Paperback,320,2005,2005,,10/7/2014,,,read,,,,1,,,0,,,,,
421549,Certain Girls (Cannie Shapiro #2),Jennifer Weiner,"Weiner, Jennifer",,0743294254,9780743294256,4,3.72,Atria Books,Hardcover,386,2008,2008,,10/7/2014,,,read,,,,1,,,0,,,,,
9418,"Shopaholic Takes Manhattan (Shopaholic, #2)",Sophie Kinsella,"Kinsella, Sophie",,0440241812,9780440241812,5,3.77,Dell Publishing Company,Paperback,387,2004,2001,,10/7/2014,,,read,,,,1,,,0,,,,,
42155,"Something Blue (Darcy & Rachel, #2)",Emily Giffin,"Giffin, Emily",,0312323867,9780312323868,5,3.93,Griffin,Paperback,338,2006,2005,,10/7/2014,,,read,,,,1,,,0,,,,,
33724,Can You Keep a Secret?,Sophie Kinsella,"Kinsella, Sophie",,0440241901,9780440241904,5,3.84,Dell Publishing Company,Paperback,374,2005,2003,,10/7/2014,,,read,,,,1,,,0,,,,,
42156,"Something Borrowed (Darcy & Rachel, #1)",Emily Giffin,"Giffin, Emily",,031232118X,9780312321185,5,3.86,St. Martin's Press,Hardcover,322,2004,2004,,10/7/2014,,,read,,,,1,,,0,,,,,
5139,"The Devil Wears Prada (The Devil Wears Prada, #1)",Lauren Weisberger,"Weisberger, Lauren",,0307275558,9780307275554,3,3.76,Anchor Books,Paperback,432,2006,2003,,10/7/2014,,,read,,,,1,,,0,,,,,
9416,"Confessions of a Shopaholic (Shopaholic, #1)",Sophie Kinsella,"Kinsella, Sophie",,0440241413,9780440241416,5,3.66,Dell Publishing Company,Paperback,368,2003,2000,,10/7/2014,,,read,,,,1,,,0,,,,,
33722,The Undomestic Goddess,Sophie Kinsella,"Kinsella, Sophie",,0385338694,9780385338691,5,3.84,Dial Press Trade Paperback,Paperback,404,2006,2005,,10/7/2014,,,read,,,,1,,,0,,,,,
1358844,Remember Me?,Sophie Kinsella,"Kinsella, Sophie",,0593053893,9780593053898,5,3.79,Bantam,Hardcover,352,2008,2008,,10/7/2014,,,read,,,,1,,,0,,,,,
